<?xml version="1.0" encoding="utf-8"?>
<RadDiagram Version="2013.3">
	<Metadata Type="Telerik.Windows.Controls.RadDiagram" Id="9e60ac5f-ff2f-49fa-93c6-7319b6805a5d" Background="#FFFFFFFF" Zoom="1" Position="0;0" IsBackgroundSurfaceVisible="false" IsZoomEnabled="false" IsConnectorsManipulationEnabled="false"><Title>Diagram [2/19/2016 10:08:07]</Title><Description></Description>
</Metadata><Groups />
<Shapes QNs="SystemCheckTool, Version=1.0.0.0, Culture=neutral, PublicKeyToken=null;Telerik.Windows.Controls.Diagrams, Version=2013.3.1021.1050, Culture=neutral, PublicKeyToken=5803cfa389c90ce7;">
	<ImageShape Type="SystemCheckTool.TelerikModels.ImageShape" Id="f3e3fcd1-78fb-4dd0-acdd-d5af87936a26" ZIndex="-1" Position="194;73" IsConnectorsManipulationEnabled="false" Background="#01010101" BorderBrush="#01010101" Size="140;140" RotationAngle="0" MinWidth="0" MinHeight="0" MaxWidth="INF" MaxHeight="INF" Connectors="Auto:0.5;0.5,Left:0;0.5,Top:0.5;0,Right:1;0.5,Bottom:0.5;1," UseDefaultConnectors="True" Address="/Themes/Default/Images/Telerik/Person.jpg" Location="Local" QN="0" />
	<ImageShape Type="SystemCheckTool.TelerikModels.ImageShape" Id="f706c041-a195-4acb-aeef-63ffc5dd240c" ZIndex="-1" Position="560;302.818511962891" IsConnectorsManipulationEnabled="false" Background="#01010101" BorderBrush="#01010101" Size="120;120" RotationAngle="0" MinWidth="0" MinHeight="0" MaxWidth="INF" MaxHeight="INF" Connectors="Auto:0.5;0.5,Left:0;0.5,Top:0.5;0,Right:1;0.5,Bottom:0.5;1," UseDefaultConnectors="True" Address="/Themes/Default/Images/Telerik/Server_Normal.jpg" Location="Local" QN="0" />
	<ImageShape Type="SystemCheckTool.TelerikModels.ImageShape" Id="3fb573af-01b7-4ec9-9903-52a5d9cb9a81" ZIndex="-1" Position="407;61" IsConnectorsManipulationEnabled="false" Background="#01010101" BorderBrush="#01010101" Size="100;100" RotationAngle="0" MinWidth="0" MinHeight="0" MaxWidth="INF" MaxHeight="INF" Connectors="Auto:0.5;0.5,Left:0;0.5,Top:0.5;0,Right:1;0.5,Bottom:0.5;1," UseDefaultConnectors="True" Address="/Themes/Default/Images/Telerik/Cloud_UnAssign.jpg" Location="Local" Url="http://finance.yahoo.com/" QN="0" />
	<RadDiagramShape Type="Telerik.Windows.Controls.RadDiagramShape" Id="7e95497b-d2ff-436d-b814-9812c1e9da36" ZIndex="-1" Position="348;234.409240722656" IsConnectorsManipulationEnabled="false" Background="#FECCCCCC" Foreground="#FF000000" BorderBrush="#01010101" Thickness="0;0;0;0" Size="119;25" RotationAngle="305" MinWidth="0" MinHeight="0" MaxWidth="INF" MaxHeight="INF" Connectors="Auto:0.5;0.5,Left:0;0.5,Top:0.5;0,Right:1;0.5,Bottom:0.5;1," UseDefaultConnectors="True" Geometry="M25,0.5L25,10.5L111.5,10.5L111.5,30.5L25,30.5L25,39.5L0.5,20.5z" QN="1" />
	<RadDiagramShape Type="Telerik.Windows.Controls.RadDiagramShape" Id="a8b5fe8d-fbd1-4e91-8304-425e607b9158" ZIndex="-1" Position="407;161" IsConnectorsManipulationEnabled="false" Content="66666" Background="#00FFFFFF" Foreground="#FF000000" BorderBrush="#01010101" Thickness="0;0;0;0" Size="100;30" RotationAngle="0" MinWidth="0" MinHeight="0" MaxWidth="INF" MaxHeight="INF" Connectors="Auto:0.5;0.5,Left:0;0.5,Top:0.5;0,Right:1;0.5,Bottom:0.5;1," UseDefaultConnectors="True" Geometry="M0.5,0.5L111.5,0.5L111.5,74.5L0.5,74.5z" QN="1" />
	<ImageShape Type="SystemCheckTool.TelerikModels.ImageShape" Id="d511d94a-41c0-4db2-948a-4141ef6150c5" ZIndex="-1" Position="220;302.818511962891" IsConnectorsManipulationEnabled="false" Background="#01010101" BorderBrush="#01010101" Size="60;60" RotationAngle="0" MinWidth="0" MinHeight="0" MaxWidth="INF" MaxHeight="INF" Connectors="Auto:0.5;0.5,Left:0;0.5,Top:0.5;0,Right:1;0.5,Bottom:0.5;1," UseDefaultConnectors="True" Address="/Themes/Default/Images/Telerik/Server_Normal.jpg" Location="Local" QN="0" /></Shapes><Connections /></RadDiagram>